State / UT,State-specific Service / Certificate Name,Canonical Service ID,Normalized National Definition,Mapping Relationship,Mapping Notes,Source URL,Source Type,Local Language / Script
Assam,APPLICATION FOR CASTE CERTIFICATE,IND-SOC-021,Community Certificate,Equivalent,,https://bongaigaon.assam.gov.in/information-and-services/application-forms,Official government / NIC portal,English
Assam,APPLICATION FOR INCOME CERTIFICATE,IND-SOC-032,Income Certificate - Family,Equivalent,,https://bongaigaon.assam.gov.in/information-and-services/application-forms,Official government / NIC portal,English
Assam,APPLICATION FOR PERMANENT RESIDENCE CERTIFICATE,IND-SOC-003,Permanent Residence Certificate,Equivalent,,https://bongaigaon.assam.gov.in/information-and-services/application-forms,Official government / NIC portal,English
Assam,APPLICATION FOR SENIOR CITIZEN CERTIFICATE,IND-SWB-007,Senior Citizen Certificate,Equivalent,,https://bongaigaon.assam.gov.in/information-and-services/application-forms,Official government / NIC portal,English
Assam,NEXT OF KIN CERTIFICATE,IND-FAM-005,Next of Kin Certificate,Equivalent,,https://bongaigaon.assam.gov.in/information-and-services/application-forms,Official government / NIC portal,English
Assam,NON CREAMY LAYER CERTIFICATE,IND-SOC-023,OBC Non-Creamy Layer Certificate - State,Equivalent,,https://bongaigaon.assam.gov.in/information-and-services/application-forms,Official government / NIC portal,English
Assam,PERMISSION FOR DELAYED BIRTH REGISTRATION,IND-CIV-002,Delayed Birth Registration Order,Equivalent,,https://bongaigaon.assam.gov.in/information-and-services/application-forms,Official government / NIC portal,English
Assam,PERMISSION FOR DELAYED DEATH REGISTRATION,IND-CIV-008,Delayed Death Registration Order,Equivalent,,https://bongaigaon.assam.gov.in/information-and-services/application-forms,Official government / NIC portal,English
Bihar,EWS Certificate,IND-SOC-027,Economically Weaker Section Income and Asset Certificate,Equivalent,Portal supports EWS verification/delivery.,https://serviceonline.bihar.gov.in/,Official government / NIC portal,English
Bihar,Issuance of Caste Certificate,IND-SOC-021,Community Certificate,Generic-to-family,Portal generic service; category-specific certificate depends on applicant.,https://serviceonline.bihar.gov.in/,Official government / NIC portal,English
Bihar,Issuance of Income Certificate,IND-SOC-032,Income Certificate - Family,Equivalent,Available at multiple administrative levels.,https://serviceonline.bihar.gov.in/,Official government / NIC portal,English
Bihar,Issuance of Non Creamy Layer Certificate (For the purpose of Govt. of Bihar),IND-SOC-023,OBC Non-Creamy Layer Certificate - State,Equivalent,State-purpose NCL.,https://serviceonline.bihar.gov.in/,Official government / NIC portal,English
Bihar,Issuance of Non Creamy Layer Certificate (For the purpose of Govt. of India),IND-SOC-024,OBC Non-Creamy Layer Certificate - Central,Equivalent,Central-purpose NCL.,https://serviceonline.bihar.gov.in/,Official government / NIC portal,English
Bihar,Issuance of Residential Certificate,IND-SOC-002,Residence Certificate,Equivalent,Available at block/sub-division/district levels.,https://serviceonline.bihar.gov.in/,Official government / NIC portal,English
Chhattisgarh,आय प्रमाण पत्र (Income Certificate),IND-SOC-032,Income Certificate - Family,Equivalent,,https://cmhelpline.cg.gov.in/Home/Schemes2?schemeId=17,Official government / NIC portal,Hindi + English
Chhattisgarh,जन्म प्रमाण पत्र (Birth Certificate),IND-CIV-001,Birth Registration and Birth Certificate,Equivalent,,https://cmhelpline.cg.gov.in/Home/Schemes2?schemeId=17,Official government / NIC portal,Hindi + English
Chhattisgarh,जाति प्रमाण पत्र (Caste Certificate),IND-SOC-021,Community Certificate,Equivalent,,https://cmhelpline.cg.gov.in/Home/Schemes2?schemeId=17,Official government / NIC portal,Hindi + English
Chhattisgarh,निवास प्रमाण पत्र (Domicile Certificate),IND-SOC-001,Domicile Certificate,Equivalent,,https://cmhelpline.cg.gov.in/Home/Schemes2?schemeId=17,Official government / NIC portal,Hindi + English
Chhattisgarh,मृत्यु प्रमाण पत्र (Death Certificate),IND-CIV-007,Death Registration and Death Certificate,Equivalent,,https://cmhelpline.cg.gov.in/Home/Schemes2?schemeId=17,Official government / NIC portal,Hindi + English
Chhattisgarh,विवाह पंजीयन प्रमाण पत्र (Marriage Certificate),IND-CIV-013,Marriage Registration Certificate,Equivalent,,https://cmhelpline.cg.gov.in/Home/Schemes2?schemeId=17,Official government / NIC portal,Hindi + English
Delhi,Disability Pension Scheme,IND-SWB-003,Disability Pension,Equivalent,,https://edistrict.delhigovt.nic.in/in/en/Public/ServiceGuideline.html,Official government / NIC portal,English
Delhi,Issuance of Caste (OBC) Certificate,IND-SOC-016,Caste Certificate - Other Backward Class,Equivalent,,https://edistrict.delhigovt.nic.in/in/en/Public/ServiceGuideline.html,Official government / NIC portal,English
Delhi,Issuance of Caste (SC) Certificate,IND-SOC-014,Caste Certificate - Scheduled Caste,Equivalent,,https://edistrict.delhigovt.nic.in/in/en/Public/ServiceGuideline.html,Official government / NIC portal,English
Delhi,Issuance of Caste (ST) Certificate,IND-SOC-015,Caste Certificate - Scheduled Tribe,Equivalent,,https://edistrict.delhigovt.nic.in/in/en/Public/ServiceGuideline.html,Official government / NIC portal,English
Delhi,Issuance of Delayed Birth Order,IND-CIV-002,Delayed Birth Registration Order,Equivalent,,https://edistrict.delhigovt.nic.in/in/en/Public/ServiceGuideline.html,Official government / NIC portal,English
Delhi,Issuance of Delayed Death Order,IND-CIV-008,Delayed Death Registration Order,Equivalent,,https://edistrict.delhigovt.nic.in/in/en/Public/ServiceGuideline.html,Official government / NIC portal,English
Delhi,Issuance of Domicile Certificate,IND-SOC-001,Domicile Certificate,Equivalent,,https://edistrict.delhigovt.nic.in/in/en/Public/ServiceGuideline.html,Official government / NIC portal,English
Delhi,Issuance of Income Certificate,IND-SOC-032,Income Certificate - Family,Equivalent,,https://edistrict.delhigovt.nic.in/in/en/Public/ServiceGuideline.html,Official government / NIC portal,English
Delhi,Issuance of Income and Assets Certificate for Economically Weaker Section (EWS),IND-SOC-027,Economically Weaker Section Income and Asset Certificate,Equivalent,,https://edistrict.delhigovt.nic.in/in/en/Public/ServiceGuideline.html,Official government / NIC portal,English
Delhi,Issuance of Lal dora Certificate,IND-LRP-045,Lal Dora / Abadi Area Certificate,Equivalent,Delhi-specific land/abadi context.,https://edistrict.delhigovt.nic.in/in/en/Public/ServiceGuideline.html,Official government / NIC portal,English
Delhi,Issuance of Land Status Report,IND-LRP-031,Land Status Report,Equivalent,,https://edistrict.delhigovt.nic.in/in/en/Public/ServiceGuideline.html,Official government / NIC portal,English
Delhi,Issuance of ROR,IND-LRP-001,Record of Rights (RoR) / Land Record Extract,Equivalent,,https://edistrict.delhigovt.nic.in/in/en/Public/ServiceGuideline.html,Official government / NIC portal,English
Delhi,Issuance of Solvency Certificate,IND-LRP-035,Solvency Certificate,Equivalent,,https://edistrict.delhigovt.nic.in/in/en/Public/ServiceGuideline.html,Official government / NIC portal,English
Delhi,Issuance of Surviving Member Certificate,IND-FAM-002,Surviving Member Certificate,Equivalent,,https://edistrict.delhigovt.nic.in/in/en/Public/ServiceGuideline.html,Official government / NIC portal,English
Delhi,Non-Creamy Layer Certificate (NCL) for OBC,IND-SOC-023,OBC Non-Creamy Layer Certificate - State,Near-equivalent,Check whether intended for Delhi/state or central purpose in the application.,https://edistrict.delhigovt.nic.in/in/en/Public/ServiceGuideline.html,Official government / NIC portal,English
Delhi,Old Age Pension Scheme,IND-SWB-001,Old Age Pension,Equivalent,,https://edistrict.delhigovt.nic.in/in/en/Public/ServiceGuideline.html,Official government / NIC portal,English
Delhi,Registration of Marriage,IND-CIV-013,Marriage Registration Certificate,Equivalent,,https://edistrict.delhigovt.nic.in/in/en/Public/ServiceGuideline.html,Official government / NIC portal,English
Delhi,Solemnization of Marriage,IND-CIV-014,Marriage Solemnization Service,Equivalent,,https://edistrict.delhigovt.nic.in/in/en/Public/ServiceGuideline.html,Official government / NIC portal,English
Gujarat,Application for Varsai Certificate,IND-FAM-001,Legal Heir Certificate,Near-equivalent,Varsai/heirship used for succession-related revenue purposes; not always identical to court succession certificate.,https://banaskantha.nic.in/service/certificate/,Official government / NIC portal,English
Gujarat,Charater Certificate,IND-HOM-003,Character Certificate - Police / Revenue,Equivalent,Portal spelling retained in source.,https://banaskantha.nic.in/service/certificate/,Official government / NIC portal,English
Gujarat,Domicile Certificate,IND-SOC-001,Domicile Certificate,Equivalent,,https://banaskantha.nic.in/service/certificate/,Official government / NIC portal,English
Gujarat,Economically Backward Certificate (Other than Job/Education Purpose),IND-SOC-026,Economically Backward Class Certificate,Equivalent,,https://banaskantha.nic.in/service/certificate/,Official government / NIC portal,English
Gujarat,Farmer Certificate,IND-AGR-002,Farmer Certificate,Equivalent,,https://banaskantha.nic.in/service/certificate/,Official government / NIC portal,English
Gujarat,Income Certificate,IND-SOC-032,Income Certificate - Family,Equivalent,,https://banaskantha.nic.in/service/certificate/,Official government / NIC portal,English
Gujarat,Non-Creamy Layer Certificate For Central Government,IND-SOC-024,OBC Non-Creamy Layer Certificate - Central,Equivalent,,https://banaskantha.nic.in/service/certificate/,Official government / NIC portal,English
Gujarat,Religious Minority Certificate,IND-SOC-028,Religious Minority Certificate,Equivalent,,https://banaskantha.nic.in/service/certificate/,Official government / NIC portal,English
Gujarat,Senior Citizen Certificate,IND-SWB-007,Senior Citizen Certificate,Equivalent,,https://banaskantha.nic.in/service/certificate/,Official government / NIC portal,English
Gujarat,Unreserved Economically Weaker Sections (For Job/Education Purpose),IND-SOC-027,Economically Weaker Section Income and Asset Certificate,Equivalent,,https://banaskantha.nic.in/service/certificate/,Official government / NIC portal,English
Gujarat,Widow Certificate,IND-FAM-009,Widow / Widower Certificate,Equivalent,,https://banaskantha.nic.in/service/certificate/,Official government / NIC portal,English
Haryana,Caste Certificate,IND-SOC-021,Community Certificate,Generic-to-family,Category-specific caste certificate subtype required.,https://services.india.gov.in/service/detail/haryanaapply-for-resident-certificate-1,Official government / NIC portal,English
Haryana,Income Certificate,IND-SOC-032,Income Certificate - Family,Equivalent,Available through SARAL/e-Disha ecosystem.,https://services.india.gov.in/service/detail/haryanaapply-for-resident-certificate-1,Official government / NIC portal,English
Haryana,Resident Certificate,IND-SOC-002,Residence Certificate,Equivalent,Haryana portal supports resident certificate issuance.,https://services.india.gov.in/service/detail/haryanaapply-for-resident-certificate-1,Official government / NIC portal,English
Himachal Pradesh,Agriculturist Certificate,IND-LRP-024,Agriculturist / Farmer Status Certificate,Equivalent,Himachal-specific naming preserved.,https://himseva.hp.gov.in/pages/staticSite/serviceList.xhtml,Official government / NIC portal,English
Himachal Pradesh,Backward Area Certificate,IND-SOC-010,Backward Area Certificate,Equivalent,Himachal-specific naming preserved.,https://himseva.hp.gov.in/pages/staticSite/serviceList.xhtml,Official government / NIC portal,English
Himachal Pradesh,Bonafide Himachali Certificate,IND-SOC-007,Bonafide Resident Certificate,Equivalent,Himachal-specific naming preserved.,https://himseva.hp.gov.in/pages/staticSite/serviceList.xhtml,Official government / NIC portal,English
Himachal Pradesh,Caste (SC/ST) Certificate,IND-SOC-021,Community Certificate,Generic-to-family,Himachal-specific naming preserved.,https://himseva.hp.gov.in/pages/staticSite/serviceList.xhtml,Official government / NIC portal,English
Himachal Pradesh,Character Certificate,IND-HOM-003,Character Certificate - Police / Revenue,Equivalent,Himachal-specific naming preserved.,https://himseva.hp.gov.in/pages/staticSite/serviceList.xhtml,Official government / NIC portal,English
Himachal Pradesh,Income Certificate,IND-SOC-032,Income Certificate - Family,Equivalent,Himachal-specific naming preserved.,https://himseva.hp.gov.in/pages/staticSite/serviceList.xhtml,Official government / NIC portal,English
Himachal Pradesh,Legal Heirs Certificate,IND-FAM-001,Legal Heir Certificate,Equivalent,Himachal-specific naming preserved.,https://himseva.hp.gov.in/pages/staticSite/serviceList.xhtml,Official government / NIC portal,English
Himachal Pradesh,Minority Community Certificate,IND-SOC-028,Religious Minority Certificate,Equivalent,Himachal-specific naming preserved.,https://himseva.hp.gov.in/pages/staticSite/serviceList.xhtml,Official government / NIC portal,English
Himachal Pradesh,Rural Area Certificate,IND-SOC-008,Rural Area Certificate,Equivalent,Himachal-specific naming preserved.,https://himseva.hp.gov.in/pages/staticSite/serviceList.xhtml,Official government / NIC portal,English
Jharkhand,Caste Certificate for EBC I and BC II (Non Creamy Layer),IND-SOC-023,OBC Non-Creamy Layer Certificate - State,State-specific subtype,Jharkhand EBC-I / BC-II categorization retained as local metadata.,https://jharsewa.jharkhand.gov.in/,Official government / NIC portal,English
Jharkhand,Issue of Birth Certificate,IND-CIV-001,Birth Registration and Birth Certificate,Equivalent,,https://jharsewa.jharkhand.gov.in/,Official government / NIC portal,English
Jharkhand,Issue of Caste Certificate,IND-SOC-021,Community Certificate,Generic-to-family,Category-specific subtype required.,https://jharsewa.jharkhand.gov.in/,Official government / NIC portal,English
Jharkhand,Issue of Death Certificate,IND-CIV-007,Death Registration and Death Certificate,Equivalent,,https://jharsewa.jharkhand.gov.in/,Official government / NIC portal,English
Jharkhand,Issue of Income Certificate,IND-SOC-032,Income Certificate - Family,Equivalent,,https://jharsewa.jharkhand.gov.in/,Official government / NIC portal,English
Jharkhand,Issue of Income and Asset Certificate for EWS,IND-SOC-027,Economically Weaker Section Income and Asset Certificate,Equivalent,,https://jharsewa.jharkhand.gov.in/,Official government / NIC portal,English
Jharkhand,Issue of Local Resident Certificate,IND-SOC-006,Local Resident Certificate,Equivalent,,https://jharsewa.jharkhand.gov.in/,Official government / NIC portal,English
Jharkhand,Marriage Registration Certificate,IND-CIV-013,Marriage Registration Certificate,Equivalent,,https://jharsewa.jharkhand.gov.in/,Official government / NIC portal,English
Karnataka,Agricultural Family member certificate,IND-AGR-004,Agricultural Family Member Certificate,Equivalent,,https://cdnbbsr.s3waas.gov.in/s316026d60ff9b54410b3435b403afd226/uploads/2023/02/2023022262.pdf,Official government / NIC portal,English
Karnataka,Bonafide Certificate,IND-SOC-007,Bonafide Resident Certificate,Near-equivalent,Local rule determines meaning.,https://cdnbbsr.s3waas.gov.in/s316026d60ff9b54410b3435b403afd226/uploads/2023/02/2023022262.pdf,Official government / NIC portal,English
Karnataka,Caste Certificate (Cat-A),IND-SOC-017,Caste Certificate - Backward Class / State Backward Class,State-specific subtype,Karnataka category nomenclature.,https://cdnbbsr.s3waas.gov.in/s316026d60ff9b54410b3435b403afd226/uploads/2023/02/2023022262.pdf,Official government / NIC portal,English
Karnataka,Caste Certificate (SC/ST),IND-SOC-021,Community Certificate,Generic-to-family,SC/ST subtype.,https://cdnbbsr.s3waas.gov.in/s316026d60ff9b54410b3435b403afd226/uploads/2023/02/2023022262.pdf,Official government / NIC portal,English
Karnataka,Caste and Income Certificate,IND-SOC-021,Community Certificate,Combined credential,Combines caste/community and income claims.,https://cdnbbsr.s3waas.gov.in/s316026d60ff9b54410b3435b403afd226/uploads/2023/02/2023022262.pdf,Official government / NIC portal,English
Karnataka,Domicile Certificate,IND-SOC-001,Domicile Certificate,Equivalent,,https://cdnbbsr.s3waas.gov.in/s316026d60ff9b54410b3435b403afd226/uploads/2023/02/2023022262.pdf,Official government / NIC portal,English
Karnataka,Income Certificate for Employment,IND-SOC-031,Income Certificate - Individual,Purpose-specific subtype,For employment purpose.,https://cdnbbsr.s3waas.gov.in/s316026d60ff9b54410b3435b403afd226/uploads/2023/02/2023022262.pdf,Official government / NIC portal,English
Karnataka,Land holding Certificate,IND-LRP-021,Land Holding Certificate,Equivalent,,https://cdnbbsr.s3waas.gov.in/s316026d60ff9b54410b3435b403afd226/uploads/2023/02/2023022262.pdf,Official government / NIC portal,English
Karnataka,Land less Certificate,IND-LRP-023,Landless Person / Landless Labourer Certificate,Equivalent,,https://cdnbbsr.s3waas.gov.in/s316026d60ff9b54410b3435b403afd226/uploads/2023/02/2023022262.pdf,Official government / NIC portal,English
Karnataka,No Re-Marriage Certificate,IND-FAM-014,Non-Remarriage Certificate,Equivalent,,https://cdnbbsr.s3waas.gov.in/s316026d60ff9b54410b3435b403afd226/uploads/2023/02/2023022262.pdf,Official government / NIC portal,English
Karnataka,OBC Certificate (Central),IND-SOC-024,OBC Non-Creamy Layer Certificate - Central,Near-equivalent,Central OBC purpose.,https://cdnbbsr.s3waas.gov.in/s316026d60ff9b54410b3435b403afd226/uploads/2023/02/2023022262.pdf,Official government / NIC portal,English
Karnataka,Population Certificate,IND-FAM-021,Family Register Certified Copy,Near-equivalent,Population/family composition proof; preserve local subtype.,https://cdnbbsr.s3waas.gov.in/s316026d60ff9b54410b3435b403afd226/uploads/2023/02/2023022262.pdf,Official government / NIC portal,English
Karnataka,Solvency Certificate,IND-LRP-035,Solvency Certificate,Equivalent,,https://cdnbbsr.s3waas.gov.in/s316026d60ff9b54410b3435b403afd226/uploads/2023/02/2023022262.pdf,Official government / NIC portal,English
Karnataka,Surviving Family Members Certificate,IND-FAM-003,Surviving Family Member Certificate,Equivalent,,https://cdnbbsr.s3waas.gov.in/s316026d60ff9b54410b3435b403afd226/uploads/2023/02/2023022262.pdf,Official government / NIC portal,English
Karnataka,Unemployment Certificate,IND-LAB-003,Unemployment Certificate,Equivalent,,https://cdnbbsr.s3waas.gov.in/s316026d60ff9b54410b3435b403afd226/uploads/2023/02/2023022262.pdf,Official government / NIC portal,English
Kerala,Caste Certificate,IND-SOC-021,Community Certificate,Equivalent,Kerala has distinct legal/service semantics; retain local subtype in implementation.,https://edistrict.kerala.gov.in/generalService.htm?event=faq,Official government / NIC portal,English
Kerala,Community Certificate,IND-SOC-021,Community Certificate,Equivalent,Kerala has distinct legal/service semantics; retain local subtype in implementation.,https://edistrict.kerala.gov.in/generalService.htm?event=faq,Official government / NIC portal,English
Kerala,Conversion Certificate,IND-CIV-020,Identity / One-and-the-Same Person Certificate,Near-equivalent,Kerala has distinct legal/service semantics; retain local subtype in implementation.,https://edistrict.kerala.gov.in/generalService.htm?event=faq,Official government / NIC portal,English
Kerala,Dependency Certificate,IND-FAM-006,Dependency Certificate,Equivalent,Kerala has distinct legal/service semantics; retain local subtype in implementation.,https://edistrict.kerala.gov.in/generalService.htm?event=faq,Official government / NIC portal,English
Kerala,Destitute Certificate,IND-SWB-026,Destitute Certificate,Equivalent,Kerala has distinct legal/service semantics; retain local subtype in implementation.,https://edistrict.kerala.gov.in/generalService.htm?event=faq,Official government / NIC portal,English
Kerala,Domicile Certificate,IND-SOC-001,Domicile Certificate,Equivalent,Kerala has distinct legal/service semantics; retain local subtype in implementation.,https://edistrict.kerala.gov.in/generalService.htm?event=faq,Official government / NIC portal,English
Kerala,Family Membership Certificate,IND-FAM-004,Family Membership Certificate,Equivalent,Kerala has distinct legal/service semantics; retain local subtype in implementation.,https://edistrict.kerala.gov.in/generalService.htm?event=faq,Official government / NIC portal,English
Kerala,Identification Certificate,IND-CIV-020,Identity / One-and-the-Same Person Certificate,Near-equivalent,Kerala has distinct legal/service semantics; retain local subtype in implementation.,https://edistrict.kerala.gov.in/generalService.htm?event=faq,Official government / NIC portal,English
Kerala,Income Certificate,IND-SOC-032,Income Certificate - Family,Equivalent,Kerala has distinct legal/service semantics; retain local subtype in implementation.,https://edistrict.kerala.gov.in/generalService.htm?event=faq,Official government / NIC portal,English
Kerala,Inter-Caste Marriage Certificate,IND-FAM-015,Inter-Caste Marriage Certificate,Equivalent,Kerala has distinct legal/service semantics; retain local subtype in implementation.,https://edistrict.kerala.gov.in/generalService.htm?event=faq,Official government / NIC portal,English
Kerala,Legal Heirship Certificate,IND-FAM-001,Legal Heir Certificate,Equivalent,Kerala has distinct legal/service semantics; retain local subtype in implementation.,https://edistrict.kerala.gov.in/generalService.htm?event=faq,Official government / NIC portal,English
Kerala,Life certificate,IND-CIV-025,Life Certificate for Pensioner,Equivalent,Kerala has distinct legal/service semantics; retain local subtype in implementation.,https://edistrict.kerala.gov.in/generalService.htm?event=faq,Official government / NIC portal,English
Kerala,Location Certificate,IND-LRP-032,Location Certificate,Equivalent,Kerala has distinct legal/service semantics; retain local subtype in implementation.,https://edistrict.kerala.gov.in/generalService.htm?event=faq,Official government / NIC portal,English
Kerala,Minority Certificate,IND-SOC-028,Religious Minority Certificate,Equivalent,Kerala has distinct legal/service semantics; retain local subtype in implementation.,https://edistrict.kerala.gov.in/generalService.htm?event=faq,Official government / NIC portal,English
Kerala,Nativity Certificate,IND-SOC-005,Nativity Certificate,Equivalent,Kerala has distinct legal/service semantics; retain local subtype in implementation.,https://edistrict.kerala.gov.in/generalService.htm?event=faq,Official government / NIC portal,English
Kerala,Non-Creamy Layer Certificate,IND-SOC-023,OBC Non-Creamy Layer Certificate - State,Equivalent,Kerala has distinct legal/service semantics; retain local subtype in implementation.,https://edistrict.kerala.gov.in/generalService.htm?event=faq,Official government / NIC portal,English
Kerala,Non-Remarriage Certificate,IND-FAM-014,Non-Remarriage Certificate,Equivalent,Kerala has distinct legal/service semantics; retain local subtype in implementation.,https://edistrict.kerala.gov.in/generalService.htm?event=faq,Official government / NIC portal,English
Kerala,One and the Same Certificate,IND-CIV-020,Identity / One-and-the-Same Person Certificate,Near-equivalent,Kerala has distinct legal/service semantics; retain local subtype in implementation.,https://edistrict.kerala.gov.in/generalService.htm?event=faq,Official government / NIC portal,English
Kerala,Possession Certificate,IND-LRP-018,Possession Certificate,Equivalent,Kerala has distinct legal/service semantics; retain local subtype in implementation.,https://edistrict.kerala.gov.in/generalService.htm?event=faq,Official government / NIC portal,English
Kerala,Possession and Non-Attachment Certificate,IND-LRP-019,Possession and Non-Attachment Certificate,Equivalent,Kerala has distinct legal/service semantics; retain local subtype in implementation.,https://edistrict.kerala.gov.in/generalService.htm?event=faq,Official government / NIC portal,English
Kerala,Relationship Certificate,IND-FAM-007,Relationship Certificate,Equivalent,Kerala has distinct legal/service semantics; retain local subtype in implementation.,https://edistrict.kerala.gov.in/generalService.htm?event=faq,Official government / NIC portal,English
Kerala,Residence Certificate,IND-SOC-002,Residence Certificate,Equivalent,Kerala has distinct legal/service semantics; retain local subtype in implementation.,https://edistrict.kerala.gov.in/generalService.htm?event=faq,Official government / NIC portal,English
Kerala,Solvency Certificate,IND-LRP-035,Solvency Certificate,Equivalent,Kerala has distinct legal/service semantics; retain local subtype in implementation.,https://edistrict.kerala.gov.in/generalService.htm?event=faq,Official government / NIC portal,English
Kerala,Valuation Certificate,IND-LRP-033,Land Valuation Certificate,Equivalent,Kerala has distinct legal/service semantics; retain local subtype in implementation.,https://edistrict.kerala.gov.in/generalService.htm?event=faq,Official government / NIC portal,English
Kerala,Widow-Widower Certificate,IND-FAM-009,Widow / Widower Certificate,Equivalent,Kerala has distinct legal/service semantics; retain local subtype in implementation.,https://edistrict.kerala.gov.in/generalService.htm?event=faq,Official government / NIC portal,English
Lakshadweep,Dependency Certificate,IND-FAM-006,Dependency Certificate,Equivalent,ServicePlus state/UT service.,https://serviceonline.gov.in/viewAllServiceList.html,Official government / NIC portal,English
Lakshadweep,Income Certificate - Family,IND-SOC-032,Income Certificate - Family,Equivalent,ServicePlus state/UT service.,https://serviceonline.gov.in/viewAllServiceList.html,Official government / NIC portal,English
Lakshadweep,Income Certificate - Individual,IND-SOC-031,Income Certificate - Individual,Equivalent,ServicePlus state/UT service.,https://serviceonline.gov.in/viewAllServiceList.html,Official government / NIC portal,English
Lakshadweep,Land Diversion Certificate,IND-LRP-016,Land Conversion / Diversion Permission,Near-equivalent,,https://serviceonline.gov.in/viewAllServiceList.html,Official government / NIC portal,English
Lakshadweep,Marriage Certificate,IND-CIV-013,Marriage Registration Certificate,Near-equivalent,UT service nomenclature.,https://serviceonline.gov.in/viewAllServiceList.html,Official government / NIC portal,English
Lakshadweep,Nativity Certificate,IND-SOC-005,Nativity Certificate,Equivalent,,https://serviceonline.gov.in/viewAllServiceList.html,Official government / NIC portal,English
Lakshadweep,Resident Identity Card,IND-CIV-023,Citizen Identity / Resident Identity Card,Equivalent,,https://serviceonline.gov.in/viewAllServiceList.html,Official government / NIC portal,English
Lakshadweep,Trade License Certificate,IND-BTP-001,Trade Licence,Equivalent,,https://serviceonline.gov.in/viewAllServiceList.html,Official government / NIC portal,English
Maharashtra,"Age, Nationality and Domicile Certificate",IND-SOC-001,Domicile Certificate,Combined credential,Also carries age/nationality assertions; model as bundled credential or linked claims.,https://aaplesarkar.mahaonline.gov.in/en/CommonForm/CitizenServices_RTS,Official government / NIC portal,English
Maharashtra,Agriculturist Certificate,IND-LRP-024,Agriculturist / Farmer Status Certificate,Equivalent,,https://aaplesarkar.mahaonline.gov.in/en/CommonForm/CitizenServices_RTS,Official government / NIC portal,English
Maharashtra,Below Poverty Line Certificate,IND-SOC-035,Below Poverty Line Status Certificate,Equivalent,,https://aaplesarkar.mahaonline.gov.in/en/CommonForm/CitizenServices_RTS,Official government / NIC portal,English
Maharashtra,Birth Certificate,IND-CIV-001,Birth Registration and Birth Certificate,Equivalent,,https://aaplesarkar.mahaonline.gov.in/en/CommonForm/CitizenServices_RTS,Official government / NIC portal,English
Maharashtra,Caste Certificate,IND-SOC-021,Community Certificate,Generic-to-family,State service branches to legally recognized caste categories.,https://aaplesarkar.mahaonline.gov.in/en/CommonForm/CitizenServices_RTS,Official government / NIC portal,English
Maharashtra,Certificate of Registration of Marriage,IND-CIV-013,Marriage Registration Certificate,Equivalent,,https://aaplesarkar.mahaonline.gov.in/en/CommonForm/CitizenServices_RTS,Official government / NIC portal,English
Maharashtra,Certificate of Residence in Hilly Area,IND-SOC-009,Hill / Hilly Area Residence Certificate,Equivalent,,https://aaplesarkar.mahaonline.gov.in/en/CommonForm/CitizenServices_RTS,Official government / NIC portal,English
Maharashtra,Death Certificate,IND-CIV-007,Death Registration and Death Certificate,Equivalent,,https://aaplesarkar.mahaonline.gov.in/en/CommonForm/CitizenServices_RTS,Official government / NIC portal,English
Maharashtra,Income Certificate,IND-SOC-032,Income Certificate - Family,Equivalent,State workflow determines assessed income.,https://aaplesarkar.mahaonline.gov.in/en/CommonForm/CitizenServices_RTS,Official government / NIC portal,English
Maharashtra,LandLess Certificate,IND-LRP-023,Landless Person / Landless Labourer Certificate,Equivalent,,https://aaplesarkar.mahaonline.gov.in/en/CommonForm/CitizenServices_RTS,Official government / NIC portal,English
Maharashtra,No Dues Certificate,IND-SPC-010,Government Dues / No-Dues Certificate,Functional equivalent,Department/local body determines dues scope.,https://aaplesarkar.mahaonline.gov.in/en/CommonForm/CitizenServices_RTS,Official government / NIC portal,English
Maharashtra,Non Creamy Layer,IND-SOC-023,OBC Non-Creamy Layer Certificate - State,Equivalent,,https://aaplesarkar.mahaonline.gov.in/en/CommonForm/CitizenServices_RTS,Official government / NIC portal,English
Maharashtra,Senior Citizen Certificate,IND-SWB-007,Senior Citizen Certificate,Equivalent,,https://aaplesarkar.mahaonline.gov.in/en/CommonForm/CitizenServices_RTS,Official government / NIC portal,English
Maharashtra,Small Land Holder Farmer Certificate,IND-LRP-022,Small / Marginal Landholder Certificate,Near-equivalent,Local landholding threshold applies.,https://aaplesarkar.mahaonline.gov.in/en/CommonForm/CitizenServices_RTS,Official government / NIC portal,English
Maharashtra,Solvency Certificate,IND-LRP-035,Solvency Certificate,Equivalent,,https://aaplesarkar.mahaonline.gov.in/en/CommonForm/CitizenServices_RTS,Official government / NIC portal,English
Maharashtra,Temporary Residence Certificate,IND-SOC-004,Temporary Residence Certificate,Equivalent,,https://aaplesarkar.mahaonline.gov.in/en/CommonForm/CitizenServices_RTS,Official government / NIC portal,English
Odisha,Certified Copy of RoR,IND-LRP-001,Record of Rights (RoR) / Land Record Extract,Equivalent,,https://edistrict.odisha.gov.in/,Official government / NIC portal,English
Odisha,Guardianship Certificate,IND-FAM-008,Guardianship Certificate,Equivalent,,https://edistrict.odisha.gov.in/,Official government / NIC portal,English
Odisha,Income Certificate,IND-SOC-032,Income Certificate - Family,Equivalent,,https://edistrict.odisha.gov.in/,Official government / NIC portal,English
Odisha,Income and Asset Certificate,IND-SOC-027,Economically Weaker Section Income and Asset Certificate,Equivalent,,https://edistrict.odisha.gov.in/,Official government / NIC portal,English
Odisha,Legal Heir Certificate,IND-FAM-001,Legal Heir Certificate,Equivalent,,https://edistrict.odisha.gov.in/,Official government / NIC portal,English
Odisha,New Contractor License,IND-BTP-021,Electrical Contractor Licence,Equivalent,,https://edistrict.odisha.gov.in/,Official government / NIC portal,English
Odisha,Nursery Registration System,IND-AGR-013,Nursery Registration Certificate,Equivalent,,https://edistrict.odisha.gov.in/,Official government / NIC portal,English
Odisha,OBC Certificate,IND-SOC-016,Caste Certificate - Other Backward Class,Equivalent,,https://edistrict.odisha.gov.in/,Official government / NIC portal,English
Odisha,Resident Certificate,IND-SOC-002,Residence Certificate,Equivalent,,https://edistrict.odisha.gov.in/,Official government / NIC portal,English
Odisha,SEBC Certificate,IND-SOC-025,SEBC Certificate,Equivalent,,https://edistrict.odisha.gov.in/,Official government / NIC portal,English
Odisha,Scheduled Caste Certificate,IND-SOC-014,Caste Certificate - Scheduled Caste,Equivalent,,https://edistrict.odisha.gov.in/,Official government / NIC portal,English
Odisha,Scheduled Tribe Certificate,IND-SOC-015,Caste Certificate - Scheduled Tribe,Equivalent,,https://edistrict.odisha.gov.in/,Official government / NIC portal,English
Odisha,Seed License (District),IND-AGR-011,Seed Licence - District,Equivalent,,https://edistrict.odisha.gov.in/,Official government / NIC portal,English
Odisha,Seed License (State),IND-AGR-012,Seed Licence - State,Equivalent,,https://edistrict.odisha.gov.in/,Official government / NIC portal,English
Odisha,Solvency Certificate,IND-LRP-035,Solvency Certificate,Equivalent,,https://edistrict.odisha.gov.in/,Official government / NIC portal,English
Odisha,Workman Permit on Exemption basis,IND-BTP-022,Electrical Workman Permit,Equivalent,,https://edistrict.odisha.gov.in/,Official government / NIC portal,English
Puducherry,Application for Issuance of Residence - Nativity - Caste - EWS - Income Certificate,IND-SOC-002,Residence Certificate,Combined multi-credential service,Single application bundles multiple certificate families; implementation should output separately addressable credentials.,https://serviceonline.gov.in/viewAllServiceList.html,Official government / NIC portal,English
Puducherry,Application for Legal Heir Certificate,IND-FAM-001,Legal Heir Certificate,Equivalent,ServicePlus state service.,https://serviceonline.gov.in/viewAllServiceList.html,Official government / NIC portal,English
Puducherry,Application for Patta Tranfer certificate,IND-LRP-026,Patta Transfer Certificate,Equivalent,ServicePlus state service.,https://serviceonline.gov.in/viewAllServiceList.html,Official government / NIC portal,English
Punjab,Backward Area Certificate,IND-SOC-010,Backward Area Certificate,Equivalent,,https://punjab.gov.in/forms/,Official government / NIC portal,English
Punjab,Caste Certificate BC/OBC,IND-SOC-017,Caste Certificate - Backward Class / State Backward Class,Equivalent,,https://punjab.gov.in/forms/,Official government / NIC portal,English
Punjab,Caste Certificate SC,IND-SOC-014,Caste Certificate - Scheduled Caste,Equivalent,,https://punjab.gov.in/forms/,Official government / NIC portal,English
Punjab,Disabled Person Pension,IND-SWB-003,Disability Pension,Equivalent,,https://punjab.gov.in/forms/,Official government / NIC portal,English
Punjab,Dogra Certificate,IND-SOC-021,Community Certificate,State-specific subtype,Special community/status certificate; retain Dogra subtype.,https://punjab.gov.in/forms/,Official government / NIC portal,English
Punjab,Income & Assets Certificate,IND-SOC-027,Economically Weaker Section Income and Asset Certificate,Equivalent,,https://punjab.gov.in/forms/,Official government / NIC portal,English
Punjab,Issuance of Border Area Certificate,IND-SOC-011,Border Area Certificate,Equivalent,,https://punjab.gov.in/forms/,Official government / NIC portal,English
Punjab,Issuance of Caste Certificate (General),IND-SOC-020,Caste Certificate - General / Unreserved Category,Equivalent,,https://punjab.gov.in/forms/,Official government / NIC portal,English
Punjab,Issuance of Income Certificate,IND-SOC-032,Income Certificate - Family,Equivalent,,https://punjab.gov.in/forms/,Official government / NIC portal,English
Punjab,Issuance of Non – Encumbrance Certificate,IND-LRP-036,Non-Encumbrance Certificate,Equivalent,,https://punjab.gov.in/forms/,Official government / NIC portal,English
Punjab,Kandi Area Certificate,IND-SOC-012,Sub-Mountain / Kandi Area Certificate,State-specific alias,,https://punjab.gov.in/forms/,Official government / NIC portal,English
Punjab,Punjab Residence Certificate,IND-SOC-002,Residence Certificate,Equivalent,,https://punjab.gov.in/forms/,Official government / NIC portal,English
Punjab,Rural Area Certificate,IND-SOC-008,Rural Area Certificate,Equivalent,,https://punjab.gov.in/forms/,Official government / NIC portal,English
Punjab,Senior Citizen Identity Card,IND-SWB-008,Senior Citizen Identity Card,Equivalent,,https://punjab.gov.in/forms/,Official government / NIC portal,English
Punjab,Sub Mountain Area Certificate,IND-SOC-012,Sub-Mountain / Kandi Area Certificate,Equivalent,,https://punjab.gov.in/forms/,Official government / NIC portal,English
Punjab,Widow Destitute Pension,IND-SWB-002,Widow Pension,Equivalent,,https://punjab.gov.in/forms/,Official government / NIC portal,English
Rajasthan,Bonafide Certificate,IND-SOC-007,Bonafide Resident Certificate,Equivalent,Commonly used as domicile/mool niwas in Rajasthan.,https://mmasy.rajasthan.gov.in/GeneralInformation.aspx,Official government / NIC portal,English
Rajasthan,Caste Certificate - General,IND-SOC-020,Caste Certificate - General / Unreserved Category,Equivalent,,https://mmasy.rajasthan.gov.in/GeneralInformation.aspx,Official government / NIC portal,English
Rajasthan,Caste Certificate - Minority,IND-SOC-028,Religious Minority Certificate,Near-equivalent,Local portal nomenclature; verify underlying legal basis.,https://mmasy.rajasthan.gov.in/GeneralInformation.aspx,Official government / NIC portal,English
Rajasthan,Caste Certificate OBC for Central,IND-SOC-024,OBC Non-Creamy Layer Certificate - Central,Near-equivalent,Central OBC format; creamy-layer status may be part of eligibility.,https://mmasy.rajasthan.gov.in/GeneralInformation.aspx,Official government / NIC portal,English
Rajasthan,Caste Certificate OBC for State,IND-SOC-016,Caste Certificate - Other Backward Class,State-purpose subtype,,https://mmasy.rajasthan.gov.in/GeneralInformation.aspx,Official government / NIC portal,English
Rajasthan,Caste Certificate SC ST Migrated (Central),IND-SOC-021,Community Certificate,State-specific subtype,Migrated-category certificate for central purpose.,https://mmasy.rajasthan.gov.in/GeneralInformation.aspx,Official government / NIC portal,English
Rajasthan,Caste Certificate SC/ST (Resident of Rajasthan),IND-SOC-021,Community Certificate,Generic-to-family,SC/ST subtype encoded locally.,https://mmasy.rajasthan.gov.in/GeneralInformation.aspx,Official government / NIC portal,English
Rajasthan,Income and Asset certificate for Economically weaker sections (EWS) for Center,IND-SOC-027,Economically Weaker Section Income and Asset Certificate,Central-purpose subtype,,https://mmasy.rajasthan.gov.in/GeneralInformation.aspx,Official government / NIC portal,English
Rajasthan,Income and Asset certificate for Economically weaker sections (EWS) for state,IND-SOC-027,Economically Weaker Section Income and Asset Certificate,State-purpose subtype,,https://mmasy.rajasthan.gov.in/GeneralInformation.aspx,Official government / NIC portal,English
Tamil Nadu,REV-101 Community Certificate,IND-SOC-021,Community Certificate,Equivalent,,https://www.tnesevai.tn.gov.in/citizen/,Official government / NIC portal,English
Tamil Nadu,REV-102 Nativity Certificate,IND-SOC-005,Nativity Certificate,Equivalent,,https://www.tnesevai.tn.gov.in/citizen/,Official government / NIC portal,English
Tamil Nadu,REV-103 Income Certificate,IND-SOC-032,Income Certificate - Family,Equivalent,,https://www.tnesevai.tn.gov.in/citizen/,Official government / NIC portal,English
Tamil Nadu,REV-104 First Graduate Certificate,IND-EDU-017,First Graduate Certificate,Equivalent,,https://www.tnesevai.tn.gov.in/citizen/,Official government / NIC portal,English
Tamil Nadu,REV-105 Deserted Woman Certificate,IND-FAM-011,Deserted Woman Certificate,Equivalent,,https://www.tnesevai.tn.gov.in/citizen/,Official government / NIC portal,English
Tamil Nadu,REV-106 Agricultural Income Certificate,IND-SOC-033,Agricultural Income Certificate,Equivalent,,https://www.tnesevai.tn.gov.in/citizen/,Official government / NIC portal,English
Tamil Nadu,REV-107 Family Migration Certificate,IND-FAM-016,Family Migration Certificate,Equivalent,,https://www.tnesevai.tn.gov.in/citizen/,Official government / NIC portal,English
Tamil Nadu,REV-108 Unemployment Certificate,IND-LAB-003,Unemployment Certificate,Equivalent,,https://www.tnesevai.tn.gov.in/citizen/,Official government / NIC portal,English
Tamil Nadu,REV-109 Widow Certificate,IND-FAM-009,Widow / Widower Certificate,Equivalent,,https://www.tnesevai.tn.gov.in/citizen/,Official government / NIC portal,English
Tamil Nadu,REV-111 Certificate for Loss of Educational Records due to Natural Disaster,IND-EDU-027,Loss of Educational Records Due to Disaster Certificate,Equivalent,,https://www.tnesevai.tn.gov.in/citizen/,Official government / NIC portal,English
Tamil Nadu,REV-113 Inter Caste Marriage Certificate,IND-FAM-015,Inter-Caste Marriage Certificate,Equivalent,,https://www.tnesevai.tn.gov.in/citizen/,Official government / NIC portal,English
Tamil Nadu,REV-114 Legal Heir Certificate,IND-FAM-001,Legal Heir Certificate,Equivalent,,https://www.tnesevai.tn.gov.in/citizen/,Official government / NIC portal,English
Tamil Nadu,REV-115 Other Backward Class (OBC) Certificate,IND-SOC-016,Caste Certificate - Other Backward Class,Equivalent,,https://www.tnesevai.tn.gov.in/citizen/,Official government / NIC portal,English
Tamil Nadu,REV-116 Residence Certificate,IND-SOC-002,Residence Certificate,Equivalent,,https://www.tnesevai.tn.gov.in/citizen/,Official government / NIC portal,English
Tamil Nadu,REV-117 Small / Marginal Farmer Certificate,IND-AGR-003,Small / Marginal Farmer Certificate,Equivalent,,https://www.tnesevai.tn.gov.in/citizen/,Official government / NIC portal,English
Tamil Nadu,REV-118 Solvency Certificate,IND-LRP-035,Solvency Certificate,Equivalent,,https://www.tnesevai.tn.gov.in/citizen/,Official government / NIC portal,English
Tamil Nadu,REV-119 No Male Child Certificate,IND-FAM-017,No Male Child Certificate,Equivalent,,https://www.tnesevai.tn.gov.in/citizen/,Official government / NIC portal,English
Tamil Nadu,REV-120 Unmarried Certificate,IND-FAM-013,Unmarried Certificate,Equivalent,,https://www.tnesevai.tn.gov.in/citizen/,Official government / NIC portal,English
Tamil Nadu,REV-123 Destitute Widow Certificate,IND-FAM-010,Destitute Widow Certificate,Equivalent,,https://www.tnesevai.tn.gov.in/citizen/,Official government / NIC portal,English
Telangana,AGRICULTURE INCOME CERTIFICATE,IND-SOC-033,Agricultural Income Certificate,Equivalent,,https://sangareddy.telangana.gov.in/service/revenue-services/,Official government / NIC portal,English
Telangana,COMMUNITY AND DATE OF BIRTH-BC,IND-SOC-017,Caste Certificate - Backward Class / State Backward Class,Combined credential,Includes community and date-of-birth claim.,https://sangareddy.telangana.gov.in/service/revenue-services/,Official government / NIC portal,English
Telangana,COMMUNITY AND DATE OF BIRTH-SC,IND-SOC-014,Caste Certificate - Scheduled Caste,Combined credential,Includes community and date-of-birth claim.,https://sangareddy.telangana.gov.in/service/revenue-services/,Official government / NIC portal,English
Telangana,COMMUNITY AND DATE OF BIRTH-ST,IND-SOC-015,Caste Certificate - Scheduled Tribe,Combined credential,Includes community and date-of-birth claim.,https://sangareddy.telangana.gov.in/service/revenue-services/,Official government / NIC portal,English
Telangana,CURRENT ADANGAL / PAHANI,IND-LRP-006,Adangal / Pahani Extract,Equivalent,,https://sangareddy.telangana.gov.in/service/revenue-services/,Official government / NIC portal,English
Telangana,EBC CERTIFICATE,IND-SOC-026,Economically Backward Class Certificate,Equivalent,,https://sangareddy.telangana.gov.in/service/revenue-services/,Official government / NIC portal,English
Telangana,EPASBOOK-REPLACEMENT,IND-LRP-028,Duplicate Pattadar Passbook,Near-equivalent,Replacement credential.,https://sangareddy.telangana.gov.in/service/revenue-services/,Official government / NIC portal,English
Telangana,EPASSBOOK-DUPLICATE,IND-LRP-028,Duplicate Pattadar Passbook,Equivalent,,https://sangareddy.telangana.gov.in/service/revenue-services/,Official government / NIC portal,English
Telangana,EPASSBOOK-NEW,IND-LRP-027,Patta / Pattadar Passbook Issuance,Equivalent,,https://sangareddy.telangana.gov.in/service/revenue-services/,Official government / NIC portal,English
Telangana,FAMILY MEMBER CERTIFICATE,IND-FAM-004,Family Membership Certificate,Equivalent,,https://sangareddy.telangana.gov.in/service/revenue-services/,Official government / NIC portal,English
Telangana,INCOME CERTIFICATE,IND-SOC-032,Income Certificate - Family,Equivalent,,https://sangareddy.telangana.gov.in/service/revenue-services/,Official government / NIC portal,English
Telangana,INTEGRATED CERTIFICATE,IND-SOC-022,Integrated Community and Nativity Certificate,Equivalent,,https://sangareddy.telangana.gov.in/service/revenue-services/,Official government / NIC portal,English
Telangana,LATE REGISTRATION OF BIRTH,IND-CIV-002,Delayed Birth Registration Order,Functional equivalent,Administrative permission/order preceding registration.,https://sangareddy.telangana.gov.in/service/revenue-services/,Official government / NIC portal,English
Telangana,LATE REGISTRATION OF DEATH,IND-CIV-008,Delayed Death Registration Order,Functional equivalent,Administrative permission/order preceding registration.,https://sangareddy.telangana.gov.in/service/revenue-services/,Official government / NIC portal,English
Telangana,MUTATION + E PATTADAR PASSBOOK,IND-LRP-027,Patta / Pattadar Passbook Issuance,Combined transaction,Combines mutation with passbook issuance.,https://sangareddy.telangana.gov.in/service/revenue-services/,Official government / NIC portal,English
Telangana,NATIVITY CERTIFICATE-BC,IND-SOC-005,Nativity Certificate,Subtype,BC-specific workflow.,https://sangareddy.telangana.gov.in/service/revenue-services/,Official government / NIC portal,English
Telangana,NATIVITY CERTIFICATE-SC,IND-SOC-005,Nativity Certificate,Subtype,SC-specific workflow.,https://sangareddy.telangana.gov.in/service/revenue-services/,Official government / NIC portal,English
Telangana,NATIVITY CERTIFICATE-ST,IND-SOC-005,Nativity Certificate,Subtype,ST-specific workflow.,https://sangareddy.telangana.gov.in/service/revenue-services/,Official government / NIC portal,English
Telangana,NO EARNING CERTIFICATE,IND-SOC-034,No-Earning-Member Certificate,Equivalent,,https://sangareddy.telangana.gov.in/service/revenue-services/,Official government / NIC portal,English
Telangana,NO OBJECTION CERTIFICATE,IND-ULB-030,Municipal No Objection Certificate,Generic-to-family,Actual NOC subject should be retained in subtype.,https://sangareddy.telangana.gov.in/service/revenue-services/,Official government / NIC portal,English
Telangana,OBC CERTIFICATE,IND-SOC-016,Caste Certificate - Other Backward Class,Equivalent,,https://sangareddy.telangana.gov.in/service/revenue-services/,Official government / NIC portal,English
Telangana,POSSESSION CERTIFICATE,IND-LRP-018,Possession Certificate,Equivalent,,https://sangareddy.telangana.gov.in/service/revenue-services/,Official government / NIC portal,English
Telangana,RESIDENCE CERTIFICATE – GENERAL,IND-SOC-002,Residence Certificate,Equivalent,,https://sangareddy.telangana.gov.in/service/revenue-services/,Official government / NIC portal,English
Telangana,RESIDENCE CERTIFICATE – PASSPORT,IND-SOC-002,Residence Certificate,Purpose-specific subtype,For passport-related use.,https://sangareddy.telangana.gov.in/service/revenue-services/,Official government / NIC portal,English
Telangana,ROR – 1B,IND-LRP-007,ROR-1B Extract,Equivalent,,https://sangareddy.telangana.gov.in/service/revenue-services/,Official government / NIC portal,English
Uttar Pradesh,Domicile certificate,IND-SOC-001,Domicile Certificate,Equivalent,,https://kannauj.nic.in/service/death-certificate/,Official government / NIC portal,English
Uttar Pradesh,Khatauni copy,IND-LRP-002,Khatauni / Record of Tenancy Extract,Equivalent,,https://kannauj.nic.in/service/death-certificate/,Official government / NIC portal,English
Uttar Pradesh,caste certificate,IND-SOC-021,Community Certificate,Generic-to-family,,https://kannauj.nic.in/service/death-certificate/,Official government / NIC portal,English
Uttar Pradesh,income certificate,IND-SOC-032,Income Certificate - Family,Equivalent,,https://kannauj.nic.in/service/death-certificate/,Official government / NIC portal,English
